i,tile_label,lambda_um-2,lambda_raw,norm_sq,nu_a2.288,residual_reported,pr_fraction,pr_volume_um3,xi_um,r2,dyn_range_dec,resolved,shell2_energy_frac,slice,in_gap_bracket,class,periodic_partner_lam,periodic_overlap
0,4942,1.757046950,1.757133722,1.000049385,0.482689,6.1405e-05,1.293942e-02,193.7282,6.1984,0.9036,1.892,True,0.05767,Sbelow,False,,,
1,4943,1.757386279,1.757472038,1.000048799,0.482736,6.1988e-05,8.991624e-03,134.6220,5.2978,0.9456,2.058,True,0.06400,Sbelow,False,,,
2,4944,1.758353331,1.758440018,1.000049300,0.482869,6.1079e-05,7.170345e-03,107.3540,7.9479,0.7281,1.855,True,0.08776,Sbelow,False,,,
3,4945,1.759169593,1.759256244,1.000049256,0.482981,6.0667e-05,1.286235e-02,192.5743,7.8744,0.6236,1.827,False,0.05830,Sbelow,False,,,
4,4946,1.760055043,1.760141850,1.000049320,0.483102,6.1098e-05,1.358209e-02,203.3502,7.6900,0.8372,1.701,True,0.07138,Sbelow,False,,,
5,4947,1.760544644,1.760631561,1.000049370,0.483170,5.9778e-05,1.073433e-02,160.7137,7.4879,0.8284,1.848,True,0.03027,Sbelow,False,,,
6,4948,1.761376472,1.761463165,1.000049219,0.483284,6.0733e-05,6.080835e-03,91.0419,6.3969,0.7818,1.985,True,0.04841,Sbelow,False,,,
7,4949,1.761572578,1.761659384,1.000049278,0.483311,5.9625e-05,6.671394e-03,99.8837,4.7529,0.8883,2.027,True,0.07549,Sbelow,False,,,
8,4950,1.762456151,1.762543201,1.000049392,0.483432,5.9781e-05,5.673104e-03,84.9374,6.4756,0.8495,2.076,True,0.03628,Sbelow,False,,,
9,4951,1.763687600,1.763774753,1.000049415,0.483601,6.0099e-05,2.383431e-03,35.6846,4.0237,0.9398,2.430,True,0.06046,Sbelow,False,,,
10,4952,1.765040330,1.765127540,1.000049409,0.483786,6.1948e-05,6.937192e-03,103.8632,8.0411,0.7670,1.749,True,0.05454,Sbelow,False,,,
11,4953,1.765161257,1.765248179,1.000049243,0.483803,6.2368e-05,1.013635e-02,151.7609,6.4353,0.7816,1.689,True,0.09224,Sbelow,False,,,
12,4954,1.765399189,1.765486479,1.000049445,0.483835,6.0246e-05,7.542684e-03,112.9286,6.4199,0.7640,1.850,True,0.08152,Sbelow,False,,,
13,4955,1.765709407,1.765796423,1.000049281,0.483878,6.0830e-05,6.185428e-03,92.6079,5.8117,0.8066,1.987,True,0.10975,Sbelow,False,,,
14,4956,1.766560489,1.766647577,1.000049298,0.483994,6.0925e-05,8.789686e-03,131.5987,6.6893,0.7549,1.996,True,0.06376,Sbelow,False,,,
15,4957,1.767542317,1.767629385,1.000049259,0.484129,6.0721e-05,5.267575e-03,78.8658,4.1231,0.9488,2.034,True,0.06010,Sbelow,False,,,
16,4958,1.768098832,1.768186092,1.000049353,0.484205,5.9285e-05,5.356797e-03,80.2016,5.8716,0.7266,2.272,True,0.07666,Sbelow,False,,,
17,4959,1.768917993,1.769005299,1.000049355,0.484317,6.2492e-05,3.885265e-03,58.1699,4.0350,0.9230,2.607,True,0.10209,Sbelow,False,,,
18,4960,1.769098727,1.769185781,1.000049209,0.484342,6.1608e-05,4.823397e-03,72.2156,4.8567,0.8370,2.323,True,0.10010,Sbelow,False,,,
19,4961,1.770817233,1.770904541,1.000049304,0.484577,5.9416e-05,2.343770e-03,35.0908,4.1129,0.8874,2.655,True,0.02466,Sbelow,False,,,
20,4962,1.771271551,1.771358848,1.000049285,0.484639,5.9202e-05,4.807173e-03,71.9727,8.6647,0.5099,1.977,False,0.04929,Sbelow,False,,,
21,4963,1.774202242,1.774289608,1.000049242,0.485040,5.9332e-05,5.217419e-03,78.1149,5.7128,0.9058,1.929,True,0.13407,Sbelow,False,,,
22,4964,1.776555140,1.776642680,1.000049275,0.485362,5.9013e-05,5.935901e-03,88.8720,5.7282,0.8583,2.053,True,0.04165,Sbelow,False,,,
23,4965,1.776772518,1.776860237,1.000049370,0.485391,5.9912e-05,4.525904e-03,67.7616,6.4924,0.8169,1.789,True,0.05525,Sbelow,False,,,
24,4966,1.778579686,1.778667450,1.000049345,0.485638,5.9067e-05,1.427045e-03,21.3656,4.0654,0.7906,2.772,True,0.01892,Sbelow,False,,,
25,4967,1.779289398,1.779377460,1.000049493,0.485735,5.9355e-05,1.533171e-03,22.9545,4.4465,0.7144,2.579,True,0.00847,Sbelow,False,,,
26,4968,1.780530020,1.780617952,1.000049385,0.485904,6.1189e-05,5.623715e-03,84.1979,4.6914,0.8811,2.227,True,0.01234,Sbelow,False,,,
27,4969,1.781574183,1.781661868,1.000049218,0.486047,5.9814e-05,5.771398e-03,86.4090,4.0012,0.9809,2.503,True,0.11502,Sbelow,False,,,
28,4970,1.782905475,1.782993555,1.000049402,0.486228,6.0957e-05,5.339297e-03,79.9396,5.6251,0.7078,2.185,True,0.08422,Sbelow,False,,,
29,4971,1.785105874,1.785194397,1.000049590,0.486528,6.2120e-05,1.045442e-03,15.6523,4.5115,0.7751,2.716,True,0.01428,Sbelow,False,,,
30,4972,1.785992682,1.786080599,1.000049226,0.486649,6.3736e-05,6.379425e-04,9.5512,2.6858,0.9541,3.882,True,0.00739,Sbelow,False,,,
31,4973,1.787913381,1.788001299,1.000049173,0.486911,6.0825e-05,1.717685e-03,25.7171,4.3209,0.8839,2.696,True,0.11245,Sbelow,False,,,
32,4974,1.789378710,1.789466977,1.000049328,0.487110,6.1701e-05,4.663537e-03,69.8222,4.8619,0.9223,2.216,True,0.06393,Sbelow,False,,,
33,4975,1.790040977,1.790129304,1.000049343,0.487200,6.3421e-05,2.787497e-03,41.7342,5.1285,0.7928,2.194,True,0.03098,Sbelow,False,,,
34,4976,1.790972664,1.791061401,1.000049547,0.487327,6.2173e-05,1.360378e-03,20.3675,3.0691,0.9744,3.396,True,0.03395,Sbelow,False,,,
35,4977,1.794604904,1.794693470,1.000049351,0.487821,6.1049e-05,7.062549e-04,10.5740,3.2194,0.9023,3.231,True,0.06221,Sbelow,False,,,
36,4978,1.795958258,1.796046853,1.000049330,0.488005,6.0448e-05,2.925458e-03,43.7998,2.8061,0.9752,2.832,True,0.16807,Sbelow,False,,,
37,4979,1.797131335,1.797219992,1.000049332,0.488164,6.1099e-05,4.649254e-03,69.6084,8.5663,0.5570,1.976,False,0.12983,Sbelow,False,,,
38,4980,1.797650932,1.797739506,1.000049272,0.488235,5.9793e-05,3.585618e-03,53.6837,4.5624,0.6752,2.547,False,0.19183,Sbelow,False,,,
39,4981,1.797925990,1.798014641,1.000049307,0.488272,6.1256e-05,3.474048e-03,52.0132,6.1397,0.6167,2.210,False,0.17949,Sbelow,False,,,
40,4982,1.798845221,1.798933744,1.000049211,0.488397,5.9876e-05,2.198666e-03,32.9183,3.9665,0.7996,2.483,True,0.03916,Sbelow,False,,,
41,4983,1.800009970,1.800098658,1.000049271,0.488555,6.2108e-05,1.223664e-03,18.3206,3.0081,0.9141,3.287,True,0.05346,Sbelow,False,,,
42,4984,1.800446105,1.800535202,1.000049486,0.488614,5.9602e-05,2.605234e-03,39.0054,4.5432,0.8650,2.833,True,0.03741,Sbelow,False,,,
43,4985,1.802903128,1.802991867,1.000049220,0.488948,6.0330e-05,2.213820e-03,33.1452,4.4436,0.7506,2.615,True,0.08182,Sbelow,False,,,
44,4986,1.803618738,1.803708076,1.000049533,0.489045,6.1279e-05,2.304579e-03,34.5040,2.6970,0.9261,3.077,True,0.16304,Sbelow,False,,,
45,4987,1.804353840,1.804442644,1.000049217,0.489144,6.4398e-05,1.486505e-03,22.2559,4.3598,0.7656,2.955,True,0.04254,Sbelow,False,,,
46,4988,1.805296140,1.805385351,1.000049417,0.489272,6.2084e-05,9.679980e-04,14.4928,3.0351,0.9052,3.108,True,0.03474,Sbelow,False,,,
47,4989,1.806392273,1.806481481,1.000049384,0.489421,6.2412e-05,5.321734e-04,7.9677,2.8991,0.8505,3.477,True,0.00369,Sbelow,False,,,
48,4990,1.807537531,1.807627678,1.000049873,0.489576,6.3712e-05,2.073977e-03,31.0515,3.0561,0.9354,3.190,True,0.27882,Sbelow,False,,,
49,4991,1.812342017,1.812431574,1.000049415,0.490226,6.0310e-05,5.914694e-04,8.8554,2.2395,0.9755,4.062,True,0.00491,Sbelow,False,,,
50,4992,1.815921516,1.816010237,1.000048857,0.490710,6.2360e-05,9.251445e-04,13.8512,2.2785,0.9829,4.132,True,0.01631,Sbelow,False,,,
51,4993,1.820836063,1.820925951,1.000049366,0.491373,5.9647e-05,8.096327e-04,12.1218,3.0635,0.9075,3.359,True,0.24791,Sbelow,False,,,
52,4994,1.821720586,1.821810842,1.000049544,0.491493,6.1171e-05,8.041155e-04,12.0392,3.2849,0.8609,3.453,True,0.15066,Sbelow,False,,,
53,4995,1.822769619,1.822859287,1.000049193,0.491634,6.1432e-05,1.087690e-03,16.2848,3.1952,0.8785,3.273,True,0.02194,Sbelow,False,,,
54,4996,1.823122480,1.823212981,1.000049641,0.491682,6.4154e-05,5.476515e-04,8.1994,2.6779,0.9146,3.774,True,0.04364,Sbelow,False,,,
55,4997,1.824371791,1.824462652,1.000049804,0.491850,6.0464e-05,5.269805e-04,7.8899,3.3554,0.8536,3.444,True,0.02716,Sbelow,False,,,
56,4998,1.829604394,1.829693556,1.000048733,0.492555,6.0694e-05,5.662712e-04,8.4782,2.8697,0.9321,3.844,True,0.05957,Sbelow,False,,,
57,4999,1.829834065,1.829924703,1.000049533,0.492586,5.9035e-05,1.388343e-03,20.7862,3.1394,0.9469,2.959,True,0.01458,Sbelow,False,,,
58,5000,1.835039083,1.835129738,1.000049402,0.493286,6.0061e-05,7.815214e-04,11.7009,2.7963,0.9542,3.943,True,0.18508,Sbelow,False,,,
59,5001,1.837963662,1.838054061,1.000049184,0.493679,5.9722e-05,1.367394e-03,20.4725,2.4601,0.9734,3.919,True,0.18286,Sbelow,False,,,
60,5002,1.844779623,1.844870329,1.000049169,0.494593,5.8344e-05,6.564481e-04,9.8283,2.0287,0.9793,4.737,True,0.00653,Sbelow,False,,,
61,5003,1.846619726,1.846711159,1.000049514,0.494840,6.0955e-05,3.859081e-04,5.7778,1.9817,0.9701,4.558,True,0.05015,Sbelow,False,,,
62,5004,1.850147869,1.850238919,1.000049212,0.495313,6.1472e-05,4.244908e-04,6.3555,2.0770,0.9669,4.459,True,0.05631,Sbelow,False,,,
63,5005,1.868981147,1.869073868,1.000049610,0.497827,5.9211e-05,7.204960e-04,10.7872,1.9115,0.9922,4.946,True,0.02720,Sbelow,True,g (cand.),1.8683130741119385,0.998839342656164
64,5006,1.870758579,1.870850563,1.000049169,0.498064,5.9266e-05,4.831247e-04,7.2333,1.8323,0.9950,5.237,True,0.18156,Sbelow,True,seam,,0.006058475304570949
65,5007,1.873082137,1.873175859,1.000050036,0.498373,6.1197e-05,9.296610e-04,13.9188,1.9079,0.9910,4.613,True,0.23622,Sbelow,True,seam,,0.13124045199192305
66,5008,1.886007859,1.886101961,1.000049895,0.500090,5.9551e-05,3.442520e-04,5.1541,1.7991,0.9912,5.288,True,0.02840,Sbelow,True,g (cand.),1.885307788848877,0.9997157639792987
67,5009,1.926413257,1.926502109,1.000046123,0.505418,5.7441e-05,4.645885e-04,6.9558,2.0909,0.9712,4.714,True,0.02480,Sbelow,True,g (cand.),1.9242265224456787,0.993583022618322
68,5010,1.929596210,1.929685116,1.000046075,0.505836,6.2773e-05,6.533906e-04,9.7825,2.1436,0.9649,4.706,True,0.43653,Sbelow,True,seam,,0.09013716176594454
69,5011,1.944051594,1.944144726,1.000047906,0.507727,5.4771e-05,5.576335e-03,83.4886,12.9748,0.3245,1.937,False,0.08098,Sgap,True,ext.,1.9406715631484985,0.9519441323517986
70,5012,1.947209447,1.947304487,1.000048808,0.508139,5.6205e-05,5.271211e-04,7.8920,3.0144,0.9195,3.820,True,0.42080,Sgap,True,seam*,,0.3012216846373701
71,5013,1.973811320,1.973904848,1.000047384,0.511598,5.4089e-05,3.293903e-03,49.3161,2.1258,0.9980,3.944,True,0.10465,Sgap,True,g (cand.),1.9708118438720703,0.9970991189267768
72,5014,1.990119585,1.990208387,1.000044622,0.513707,5.1561e-05,2.899717e-03,43.4144,2.5095,0.9816,3.279,True,0.03043,Sabove,True,g (cand.),1.9878944158554077,0.9675563109965046
73,5015,2.005207556,2.005297184,1.000044698,0.515651,5.2522e-05,3.393178e-03,50.8025,2.5623,0.9615,3.013,True,0.00710,Sabove,False,,,
74,5016,2.007689820,2.007779121,1.000044480,0.515970,5.0750e-05,9.189656e-03,137.5870,2.7525,0.9856,2.903,True,0.02739,Sabove,False,,,
75,5017,2.008786924,2.008876324,1.000044505,0.516111,5.2260e-05,7.885619e-03,118.0630,2.8356,0.9535,2.561,True,0.12402,Sabove,False,,,
76,5018,2.011851402,2.011940718,1.000044395,0.516504,5.3415e-05,4.179469e-03,62.5748,2.7422,0.9716,2.885,True,0.19591,Sabove,False,,,
77,5019,2.014677530,2.014767170,1.000044494,0.516867,5.2227e-05,1.145237e-02,171.4642,5.4901,0.7742,1.917,True,0.01637,Sabove,False,,,
78,5020,2.016374438,2.016464710,1.000044770,0.517085,5.1474e-05,1.167461e-02,174.7916,4.4027,0.9185,2.246,True,0.01583,Sabove,False,,,
79,5021,2.020931028,2.021020889,1.000044466,0.517669,5.1397e-05,7.894969e-03,118.2030,3.4034,0.9856,2.444,True,0.14655,Sabove,False,,,
80,5022,2.027383140,2.027472973,1.000044310,0.518494,5.3159e-05,1.971394e-02,295.1560,5.6170,0.9244,1.948,True,0.08709,Sabove,False,,,
81,5023,2.030879164,2.030969620,1.000044540,0.518941,5.1685e-05,1.604628e-02,240.2440,5.7385,0.9369,1.719,True,0.15957,Sabove,False,,,
82,5024,2.032924904,2.033015490,1.000044559,0.519203,5.1369e-05,1.961632e-02,293.6944,3.8165,0.9654,2.237,True,0.06176,Sabove,False,,,
83,5025,2.036752342,2.036842823,1.000044424,0.519691,5.2199e-05,2.057220e-02,308.0057,4.6798,0.9686,2.056,True,0.05011,Sabove,False,,,
84,5026,2.039654303,2.039744854,1.000044395,0.520061,5.2041e-05,6.599366e-03,98.8053,2.8931,0.9265,2.871,True,0.20226,Sabove,False,,,
85,5027,2.040570580,2.040661335,1.000044475,0.520178,5.1121e-05,7.172326e-03,107.3836,2.8656,0.9879,2.764,True,0.00586,Sabove,False,,,
86,5028,2.042449215,2.042539597,1.000044252,0.520417,5.1058e-05,4.795359e-02,717.9583,6.9720,0.8812,1.362,True,0.08759,Sabove,False,,,
87,5029,2.045261359,2.045351982,1.000044309,0.520776,5.1332e-05,1.161008e-02,173.8254,3.2834,0.9786,2.412,True,0.01652,Sabove,False,,,
88,5030,2.046158482,2.046249390,1.000044428,0.520890,5.3213e-05,1.784999e-02,267.2489,5.3656,0.8196,1.705,True,0.05109,Sabove,False,,,
89,5031,2.047123898,2.047214746,1.000044379,0.521013,5.4630e-05,3.579649e-02,535.9429,8.5496,0.8349,1.141,True,0.03728,Sabove,False,,,
90,5032,2.049517911,2.049608946,1.000044418,0.521317,5.2875e-05,1.489815e-02,223.0542,4.2976,0.9544,1.923,True,0.05236,Sabove,False,,,
91,5033,2.050746995,2.050838232,1.000044489,0.521473,5.1395e-05,2.788530e-02,417.4971,4.7485,0.7799,1.913,True,0.04631,Sabove,False,,,
92,5034,2.052281815,2.052372932,1.000044398,0.521669,5.2390e-05,3.627631e-02,543.1268,6.0509,0.8543,1.508,True,0.03087,Sabove,False,,,
93,5035,2.053731799,2.053823233,1.000044521,0.521853,5.1305e-05,4.266994e-02,638.8518,7.8868,0.9191,1.240,True,0.05094,Sabove,False,,,
94,5036,2.054579476,2.054670572,1.000044338,0.521960,5.0961e-05,1.984340e-02,297.0942,4.3603,0.9262,1.986,True,0.03007,Sabove,False,,,
95,5037,2.056864513,2.056955814,1.000044389,0.522251,5.1156e-05,1.148311e-02,171.9244,4.2302,0.8682,2.540,True,0.09319,Sabove,False,,,
96,5038,2.057649712,2.057740211,1.000043982,0.522350,5.0962e-05,4.101505e-02,614.0749,6.4386,0.9445,1.337,True,0.04849,Sabove,False,,,
97,5039,2.060351735,2.060443401,1.000044491,0.522693,5.1925e-05,2.365095e-02,354.1005,6.3961,0.7927,1.516,True,0.01879,Sabove,False,,,
98,5040,2.064419653,2.064511061,1.000044278,0.523209,5.1978e-05,4.786494e-02,716.6310,11.0165,0.4358,1.313,False,0.05545,Sabove,False,,,
99,5041,2.066390165,2.066482067,1.000044475,0.523459,5.2846e-05,2.997357e-02,448.7625,5.3926,0.9113,1.776,True,0.04532,Sabove,False,,,
100,5042,2.069077041,2.069169521,1.000044696,0.523799,5.4061e-05,1.548236e-02,231.8009,4.5274,0.8847,1.977,True,0.05090,Sabove,False,,,
101,5043,2.070215386,2.070307255,1.000044376,0.523943,5.2673e-05,3.200845e-02,479.2287,5.4587,0.8136,1.628,True,0.04637,Sabove,False,,,
102,5044,2.070437014,2.070528984,1.000044421,0.523971,5.3201e-05,2.958089e-02,442.8834,4.8966,0.8752,1.905,True,0.02797,Sabove,False,,,
103,5045,2.072698168,2.072790384,1.000044491,0.524257,5.1460e-05,2.800447e-02,419.2813,4.2448,0.9420,1.937,True,0.05701,Sabove,False,,,
104,5046,2.075038423,2.075131893,1.000045045,0.524553,5.2140e-05,6.362110e-02,952.5314,7.4986,0.9290,1.282,True,0.06364,Sabove,False,,,
105,5047,2.076217634,2.076310635,1.000044793,0.524702,5.1001e-05,3.655330e-02,547.2738,7.6506,0.6831,1.351,False,0.04171,Sabove,False,,,
106,5048,2.077035384,2.077128410,1.000044788,0.524805,5.1528e-05,4.659990e-02,697.6909,5.9217,0.9110,1.642,True,0.03123,Sabove,False,,,
107,5049,2.078674259,2.078766823,1.000044530,0.525012,5.0974e-05,6.106958e-02,914.3301,6.8370,0.7836,1.445,True,0.05401,Sabove,False,,,
108,5050,2.080096168,2.080189228,1.000044739,0.525192,5.1552e-05,3.429051e-02,513.3954,6.1060,0.7681,1.534,True,0.04051,Sabove,False,,,
109,5051,2.080593918,2.080686569,1.000044531,0.525255,5.1514e-05,4.451630e-02,666.4954,5.9570,0.9243,1.621,True,0.05157,Sabove,False,,,
110,5052,2.082010694,2.082103729,1.000044685,0.525433,5.1006e-05,3.182998e-02,476.5565,5.8332,0.7346,1.603,True,0.03507,Sabove,False,,,
111,5053,2.084643646,2.084736347,1.000044469,0.525765,5.2100e-05,2.788863e-02,417.5468,5.0077,0.7900,1.842,True,0.02903,Sabove,False,,,
112,5054,2.085370927,2.085463762,1.000044517,0.525857,5.1624e-05,3.485314e-02,521.8192,5.4630,0.6965,1.853,False,0.04844,Sabove,False,,,
113,5055,2.087214300,2.087307215,1.000044516,0.526090,5.1520e-05,3.900054e-02,583.9138,7.6254,0.5311,1.653,False,0.04298,Sabove,False,,,
114,5056,2.089378883,2.089472771,1.000044936,0.526362,5.1555e-05,2.007992e-02,300.6353,4.8609,0.7856,1.999,True,0.03599,Sabove,False,,,
115,5057,2.089798238,2.089891911,1.000044824,0.526415,5.2787e-05,2.389796e-02,357.7989,5.3967,0.7513,1.880,True,0.03184,Sabove,False,,,
116,5058,2.091860818,2.091954708,1.000044884,0.526675,5.2249e-05,2.621820e-02,392.5373,5.5262,0.8889,1.763,True,0.05785,Sabove,False,,,
117,5059,2.093419446,2.093513489,1.000044923,0.526871,5.1203e-05,7.177506e-02,1074.6119,7.8290,0.8007,1.217,True,0.04472,Sabove,False,,,
118,5060,2.094729132,2.094822645,1.000044642,0.527036,5.0596e-05,7.072692e-02,1058.9193,8.8695,0.8049,1.312,True,0.05388,Sabove,False,,,
119,5061,2.096787808,2.096881866,1.000044858,0.527295,5.1174e-05,8.666420e-02,1297.5312,8.6663,0.8805,1.186,True,0.06137,Sabove,False,,,
120,5062,2.098062133,2.098155975,1.000044728,0.527455,5.1930e-05,5.411380e-02,810.1886,6.1445,0.8604,1.564,True,0.06918,Sabove,False,,,
121,5063,2.099109710,2.099204540,1.000045176,0.527587,5.0909e-05,9.303898e-02,1392.9740,10.9137,0.6840,1.130,False,0.07432,Sabove,False,,,
122,5064,2.099374441,2.099468231,1.000044675,0.527620,5.2320e-05,4.371006e-02,654.4244,5.8750,0.8305,1.536,True,0.07023,Sabove,False,,,
123,5065,2.100124836,2.100218773,1.000044729,0.527714,5.2173e-05,5.239271e-02,784.4206,6.8832,0.8836,1.550,True,0.06295,Sabove,False,,,
124,5066,2.102724246,2.102818489,1.000044819,0.528041,5.1878e-05,3.709727e-02,555.4181,5.2627,0.9787,1.796,True,0.05663,Sabove,False,,,
125,5067,2.104840425,2.104934931,1.000044899,0.528306,5.2037e-05,4.502976e-02,674.1829,5.1700,0.9943,1.656,True,0.02725,Sabove,False,,,
126,5068,2.107229182,2.107323408,1.000044715,0.528606,5.1172e-05,8.959514e-02,1341.4130,6.6482,0.9457,1.267,True,0.07134,Sabove,False,,,
127,5069,2.107426878,2.107521057,1.000044689,0.528631,5.0947e-05,7.583845e-02,1135.4487,8.7509,0.6591,1.424,False,0.07034,Sabove,False,,,
128,5070,2.109543225,2.109637737,1.000044802,0.528896,5.1883e-05,1.208180e-01,1808.8798,10.5996,0.7285,1.165,True,0.05126,Sabove,False,,,
129,5071,2.112397887,2.112495422,1.000046173,0.529254,5.5780e-05,6.957666e-02,1041.6976,6.3154,0.8992,1.350,True,0.03082,Sabove,False,,,
130,5072,2.113833513,2.113970518,1.000064814,0.529434,8.7446e-05,9.602581e-02,1437.6926,7.1091,0.9644,1.280,True,0.05613,Sabove,False,,,
131,5073,2.115025821,2.115127802,1.000048217,0.529583,6.0718e-05,3.770234e-02,564.4771,6.1560,0.8097,1.529,True,0.03354,Sabove,False,,,
132,5074,2.116569509,2.116673470,1.000049118,0.529776,6.2016e-05,9.292978e-02,1391.3391,8.4738,0.8125,1.181,True,0.05690,Sabove,False,,,
